Date,Content,Coin
2024-05-02 16:37:30.000000,"ğŸš¨ğŸš¨
 
#TroiaRobot Yeni Setup 
 
0,35$ civarÄ±ndan AL T satÄ±n aldÄ±m. Ekleme yapmÄ±ÅŸ oldum 
 
Spottur ve hedefim minimum 6$ olarak devam ediyor.",ALT
2023-04-17 20:05:41.000000,"ğŸš¨ğŸš¨

ArkadaÅŸlar FORTH'da ana param yoktu biliyorsunuz, tamamÄ± kÃ¢rdÄ±. Åimdi onu satÄ±nca onun yerine ''BON D'' satÄ±n aldÄ±m.

Dikkat: Ana para ile almadÄ±m, FORTH'dan geleni soktum.

Hedefim kÄ±sa vade 9,5$, stop noktasÄ±nÄ± atacaÄŸÄ±m birazdan.",BOND
2023-03-17 19:22:18.000000,"ğŸš¨ğŸš¨
 
0,30$'dan sattÄ±ÄŸÄ±m O N T'yi 0,23$'dan geri satÄ±n aldÄ±m.",ONT
2021-11-27 13:39:10.000000,"ğŸš¨ğŸš¨

20,6$ fiyattan BAL satÄ±n aldÄ±m.",BAL
2021-11-26 20:45:12.000000,"ğŸš¨ğŸš¨

0,105$ fiyattan RVN ekledim. Hedeflerim aynÄ± olacak.",RVN
2021-11-26 14:26:14.000000,"ğŸš¨ğŸš¨

1,30$ fiyattan DODO ekledim. Hedeflerim aynÄ±.",DODO
2021-11-23 11:05:43.000000,"ğŸš¨ğŸš¨

0,72'den sattÄ±ÄŸÄ±m tÃ¼m FLM'leri 0,61'den geri aldÄ±m. Hedefim bu kez 1,5$ olacak.",FLM
2021-11-15 13:12:33.000000,"ğŸš¨ğŸš¨

4,60$ fiyattan RLC satÄ±n aldÄ±m. Hedefim 9$ yani 2x olacak.",RLC
2021-11-13 15:11:15.000000,"ğŸš¨ğŸš¨

0,128$ fiyattan RVN satÄ±n aldÄ±m.",RVM
2021-11-10 18:52:02.000000,"ğŸš¨ğŸš¨

2,85'dan sattÄ±ÄŸÄ±m BEL'i 2,61'den yeniden satÄ±n aldÄ±m.",BEL
2021-11-08 17:41:43.000000,"ğŸš¨ğŸš¨

12,30$ fiyattan RAY satÄ±n aldÄ±m.",RAY
2021-11-05 14:43:56.000000,"ğŸš¨ğŸš¨

15,9$ fiyattan QTUM aldÄ±m. Halving'i var. GÃ¼zel fiyatlayacaÄŸÄ±nÄ± dÃ¼ÅŸÃ¼nÃ¼yorum.",QTUM
2021-11-03 17:55:01.000000,"ğŸš¨ğŸš¨

1,78$ fiyattan yeniden DODO satÄ±n aldÄ±m.",DODO
2021-11-02 19:20:24.000000,"ğŸš¨ğŸš¨

13,2$ fiyattan UNFI satÄ±n aldÄ±m. Hedefim 23$ olacak.",UNFI
2021-11-02 12:40:05.000000,"ğŸš¨ğŸš¨

0,2060$ fiyattan XEM satÄ±n aldÄ±m.",XEM
2021-11-01 12:37:42.000000,"ğŸš¨ğŸš¨

25,2$ fiyattan BAL satÄ±n aldÄ±m.",BAL
2021-10-31 14:41:44.000000,"ğŸš¨ğŸš¨

0,030$ fiyattan REEF satÄ±n aldÄ±m.",REEF
2021-10-30 18:30:57.000000,"ğŸš¨ğŸš¨

0,48'den LINA satÄ±n aldÄ±m.",LINA
2021-10-29 09:24:25.000000,"ğŸš¨ğŸš¨

1,90 seviyesinden sattÄ±ÄŸÄ±m tÃ¼m DODO'larÄ± 1,46 seviyesinden geri satÄ±n aldÄ±m.",DODO
2021-10-28 11:27:13.000000,"ğŸš¨ğŸš¨

2,5'dan sattÄ±ÄŸÄ±m tÃ¼m BAKE'leri 1,84'den geri satÄ±n aldÄ±m.

Hedefim 4$ olacak bu kez.",BAKE
2021-10-26 18:20:10.000000,"ğŸš¨ğŸš¨

1,10$ fiyattan ATA satÄ±n aldÄ±m.",ATA
2021-10-26 08:26:07.000000,"ğŸš¨ğŸš¨

0,1970$ fiyattan TLM satÄ±n aldÄ±m.",TLM
2021-10-24 19:52:23.000000,"ğŸš¨ğŸš¨

4,76$ fiyattan LIT satÄ±n aldÄ±m.",LIT
2021-10-15 13:16:27.000000,"ğŸš¨ğŸš¨

5,81$ fiyattan $KAVA ekledim.",KAVA
2021-10-14 09:41:16.000000,"ğŸš¨ğŸš¨

6,03$ fiyattan $CELO satÄ±n aldÄ±m.",CELO
2021-10-13 10:18:13.000000,"ğŸš¨ğŸš¨

0,68$ fiyattan $GRT satÄ±n aldÄ±m.",GRT
2021-10-10 14:10:15.000000,"ğŸš¨ğŸš¨

1,39-1,40$ ortalama ile $DODO satÄ±n aldÄ±m.",DODO
2021-10-06 18:22:29.000000,"ğŸš¨ğŸš¨

1,87$ seviyesineden $BAKE satÄ±n aldÄ±m.",BAKE
2021-09-08 13:27:12.000000,"ğŸš¨ğŸš¨
DÃ¼ÅŸÃ¼ÅŸten Ã¶nce 0,49$â€™dan sattÄ±ÄŸÄ±m O X Tâ€™yi 0,37$â€™dan geri aldÄ±m. %7 stoplu.",OXT
2021-08-21 09:36:39.000000,"ğŸš¨ğŸš¨
0,086$ fiyattan P-O-N-D aldÄ±m. Bilginize.",POND
2024-04-14 18:23:32.000000,"ğŸš¨ğŸš¨

#TroiaRobot Yeni Setup

0,50$â€™dan ana paramÄ± Ã§ekmiÅŸ olduÄŸum #ACH â€˜yÄ± 0,25$â€™dan geri satÄ±n aldÄ±m!

Tam %50 daha ucuza almÄ±ÅŸ oldum.",ACH
2024-03-28 17:11:41.000000,"ğŸš¨ğŸš¨

#TroiaRobot Yeni Setup

Spot olarak 0,61$'dan #A-L-T satÄ±n aldÄ±m.

Hedefim 5$ olacak.",ALT
2024-03-11 18:40:07.000000,"ğŸš¨ğŸš¨

#TroiaRobot Yeni Setup

Spot olarak 0,077$â€™dan #IOTX satÄ±n aldÄ±m.

KÄ±sa vade %100â€™lÃ¼k bir mum istiyorum. Orta vade ise 0,250$ hedefim.",IOTX
2024-03-04 17:19:00.000000,"ğŸš¨ğŸš¨

#TroiaRobot Yeni Setup

Spot olarak 2,2$â€™dan #APE satÄ±n aldÄ±m.

Hedefim boÄŸadan Ã¶nce 8,2$ olacak. BoÄŸada ise duruma gÃ¶re bakarÄ±z.",APE
2024-02-27 18:31:54.000000,"ğŸš¨ğŸš¨

#TroiaRobot Yeni Setup

Spot olarak 0,74$â€™dan #OCEAN satÄ±n aldÄ±m.

Sepetimde zaten var olan bir Ã¼rÃ¼n. Minimum 1,5$ hedefli buradan da alÄ±yorum.",OCEAN
2024-02-18 16:47:18.000000,"ğŸš¨ğŸš¨

#TroiaRobot Yeni Setup

3,20$â€™dan spot #GAL satÄ±n aldÄ±m.

12$ hedefli.",GAL
2024-02-01 18:21:24.000000,"ğŸš¨ğŸš¨

#TroiaRobot Yeni Setup  (Spot)

#ONT

Entry: 0,228

TP:  0,245$ - 0,0280$ - 0,320$ - 0,360$  - 0,450$

SL: 0,200$ altÄ± gÃ¼n kapanÄ±ÅŸÄ± veya %9-11 auto sl",ONT
2024-01-26 17:15:07.000000,"ğŸš¨ğŸš¨

#TroiaRobot 'dan Yeni Setup   (Spot)

0,024$'dan #ANKR ekledim.

Hedefim 0,060$ olacak.",ANKR
2024-01-12 17:22:39.000000,"ğŸš¨ğŸš¨

#TroiaRobot Yeni Setup  (Spot)

#ENJ

Entry: 0,310

TP: 0,340$ - 0,385$ - 0,450$ - 0,555$

SL: 0,285$ altÄ± gÃ¼n kapanÄ±ÅŸÄ± veya %9-11 auto sl",ENJ
2024-01-09 16:50:53.000000,"ğŸš¨ğŸš¨

#TroiaRobot Yeni Setup  (Spot)

#ALPHA

Entry: 0,097$

TP: 0,110$ - 0,130$ - 0,184$ - 0,255$

SL: 0,080$ altÄ± gÃ¼n kapanÄ±ÅŸÄ± veya %9-11 auto sl",ALPHA
2024-01-04 17:54:21.000000,"ğŸš¨ğŸš¨

#TroiaRobot Yeni Setup  (Spot)

#A**N--K++R

Entry: 0,0277$

TP:  0,0294$ - 0,0328$ - 0,0370$ - 0,0410$  - 0, 580$

SL: 0,0240$ altÄ± gÃ¼n kapanÄ±ÅŸÄ± veya %9-11 auto sl",ANKR
2024-01-03 18:57:12.000000,"ğŸš¨ğŸš¨

#TroiaRobot 'dan Yeni Setup   (Spot)

0,55$'dan #ARKM satÄ±n aldÄ±m.

Hedefim 1$ olacak.

0,50$ altÄ± kapanÄ±ÅŸta stop olabilirim. KÄ±sa vadeli bakÄ±yorum.",ARKM
2023-12-31 17:29:21.000000,"ğŸš¨ğŸš¨

#TroiaRobot Yeni Setup  (Spot)

#A**u--D**I++O

Entry: 0,255$

TP:  0,280$ - 0,305$ - 0,330$ - 0,390$  - 0,500$

SL: 0,227$ altÄ± gÃ¼n kapanÄ±ÅŸÄ± veya %9-11 auto sl",AUDIO
2023-12-26 18:30:42.000000,"ğŸš¨ğŸš¨

#TroiaRobot 'dan Yeni Setup   (Spot)

9,6$'dan #APT satÄ±n aldÄ±m.

Hedeflerim 18$ ve 84$ olacak.",APT
2023-12-26 16:59:10.000000,"ğŸš¨ğŸš¨

#TroiaRobot Yeni Setup  (Spot)

#A**u--D**I++O

Entry: 0,264$

TP:  0,280$ - 0,305$ - 0,330$ - 0,390$  - 0,500$

SL: 0,250$ altÄ± gÃ¼n kapanÄ±ÅŸÄ± veya %9-11 auto sl",AUDIO
2023-12-22 17:45:47.000000,"ğŸš¨ğŸš¨

#TroiaRobot Yeni Setup  (Spot)

#D***G---B

Entry: 0,093$

TP:  0,0102$ - 0,0120$ - 0,0135$ - 0,0160$  - 0,0180$

SL: 0,084$ altÄ± gÃ¼n kapanÄ±ÅŸÄ± veya %9-11 auto sl",DGB
2023-11-28 18:17:32.000000,"ğŸš¨ğŸš¨

#TroiaRobot Yeni Setup  (Spot)

#W**O--O**

Entry: 0,221$

TP:  0,240$ - 0,256$ - 0,280$ - 0,355$

SL: 0,200$ altÄ± gÃ¼n kapanÄ±ÅŸÄ± veya %9-11 auto sl",WOO
2023-11-21 19:55:48.000000,"ğŸš¨ğŸš¨

#TroiaRobot Yeni Setup  (Spot)

#A~~D>>Uâ€¢â€¢II==OO

Entry: 0,176$

TP: 0211$ - 0,240$ - 0,310$ - 0,420$

SL: 0,160$ altÄ± gÃ¼n kapanÄ±ÅŸÄ± veya %9-11 auto sl",AUDIO
2023-11-18 16:01:41.000000,"ğŸš¨ğŸš¨

#TroiaRobot Yeni Setup  (Spot)

#AUDIO

Entry: 0,187$

TP: 0211$ - 0,240$ - 0,310$ - 0,420$

SL: 0,160$ altÄ± gÃ¼n kapanÄ±ÅŸÄ± veya %9-11 auto sl",AUDIO
2023-11-14 16:43:24.000000,"ğŸš¨ğŸš¨

#TroiaRobot Yeni Setup  (Spot)

#aaaa555uuuuu222DIOOO

Entry: 0,188$

TP: 0211$ - 0,240$ - 0,310$ - 0,420$

SL: 0,160$ altÄ± gÃ¼n kapanÄ±ÅŸÄ± veya %9-11 auto sl",AUDIO
2023-11-09 17:20:22.000000,"ğŸš¨ğŸš¨

#TroiaRobot Yeni Setup  (Spot)

#Bâ€”A///N::D

Entry: 1,44$

TP: 1,64$ - 1,80$ - 2,25$$ - 3$

SL: 1,35$ altÄ± gÃ¼n kapanÄ±ÅŸÄ± veya %9-11 auto sl",BAND
2023-11-05 17:07:46.000000,"ğŸš¨ğŸš¨

#TroiaRobot Yeni Setup  (Spot)

#Band

Entry: 1,52$

TP: 1,64$ - 1,80$ - 2,25$$ - 3$

SL: 1,35$ altÄ± gÃ¼n kapanÄ±ÅŸÄ± veya %9-11 auto sl",BAND
2023-10-16 19:19:14.000000,"ğŸš¨ğŸš¨

#TroiaRobot Yeni Setup  (Spot)

#D---------G........B

Entry: 0,0066$

TP: 0,0074$ - 0,0086$ - 0,0107$ - 0,0134$

SL: 0,0058$ altÄ± gÃ¼n kapanÄ±ÅŸÄ± veya %9-11 auto sl",DGB
2023-10-07 20:03:27.000000,"ğŸš¨ğŸš¨

#TroiaRobot Yeni Setup  (Spot)

#c.*T,s.I

Entry: 0,127$

TP: 0,137$ - 0,145$ - 0,160$ - 0,220$

SL: 0,112$ altÄ± gÃ¼n kapanÄ±ÅŸÄ± veya %9-11 auto sl",CTSI
2023-09-24 16:38:03.000000,"ğŸš¨ğŸš¨

#TroiaRobot 'dan Yeni Setup

0,80$ civarÄ±ndan sattÄ±ÄŸÄ±m #L-E-B (Tersten yazdÄ±m)' 0,57$'dan geri satÄ±n aldÄ±m.

Hedefim yeniden 0,80$ ve 1,34$ olacak.",BEL
2023-09-16 19:35:21.000000,"ğŸš¨ğŸš¨

#TroiaRobot Yeni Setup  (Spot)

#AUDIO

Entry: 0,150$

TP: 0,166$ - 0,178$ - 0,200$ - 0,250$

SL: 0,137$ altÄ± gÃ¼n kapanÄ±ÅŸÄ± veya %9-11 auto sl",AUDIO
2023-08-20 15:11:18.000000,"ğŸš¨ğŸš¨

#TroiaRobot 'dan #D *U s- k setup geldi 0,100$'dan. Yine desteÄŸi yakÄ±n olduÄŸu iÃ§in paylaÅŸÄ±yorum. Stop: 0,92$ altÄ± gÃ¼n kapanÄ±ÅŸÄ± ve ya -%9/11

DirenÃ§ler: 0,110$ - 0,124$ - 0,131$ - 0,176$ - 0,214$

UnutmayÄ±n Robot haber takibi yapamaz duygularÄ± yoktur, o sebeple kazanÃ§ garantisi yoktur. Stop riski her zaman her yerde vardÄ±r.1",DUSK
2023-07-06 14:16:07.000000,"ğŸš¨ğŸš¨

#TroiaRobot 'dan #BEL sinyali geldi 0,66$â€™dan.

KÄ±sa vadeli bir trade, stop noktamÄ± grafikte anlatacaÄŸÄ±m birazdan. Hedefim 1$ civarÄ± olacak hÄ±zlÄ±ca.",BEL
2023-06-27 14:25:56.000000,"ğŸš¨ğŸš¨

#TroiaRobot 'dan #ONT sinyali geldi 0,200'$'dan.

KÄ±sa vadeli bir trade, stop noktamÄ± grafikte anlatacaÄŸÄ±m birazdan. Hedefim yaklaÅŸÄ±k %50 - %120 bir kÃ¢rlÄ±lÄ±k olacak.",ONT
2023-06-24 15:35:18.000000,"ğŸš¨ğŸš¨
                                  
#TroiaRobot 'dan #ONT sinyali geldi 0,188$'dan. 0,177$ altÄ± stop ÅŸeklinde.                  
                                                          
Hedefler: 0,208$ - 0,229$ - 0,257$ - 0,310$ - 0,450$                                                        
                                                               
UnutmayÄ±n Robot haber takibi yapamaz duygularÄ± yoktur, o sebeple kazanÃ§ garantisi yoktur. Stop riski her zaman her yerde vardÄ±r.1",ONT
2023-06-16 14:16:45.000000,"ğŸš¨ğŸš¨ #TroiaRobotâ€™dan #OCEAN sinyali geldi 0,3370$â€™dan.

#OCEAN ALDIM. OCEAN ALDIM.",OCEAN
2023-06-12 20:07:11.000000,"ğŸš¨ğŸš¨
 
29 Nisan tarihinde 0,210$'dan  
sattÄ±ÄŸÄ±m 
 
 #__ğŸ§¿A L_ P_ğŸ§¿H ğŸ§¿A' 
 
yÄ± 0,99$'dan yeniden satÄ±n aldÄ±m.",AR
2023-06-07 16:38:32.000000,"ğŸš¨ğŸš¨
                            
#TroiaRobot 'dan #S t o R j sinyali geldi 0,28$'dan.   
      
KÄ±sa vadeli bir trade, stop noktamÄ± grafikte anlatacaÄŸÄ±m birazdan. Hedefim yaklaÅŸÄ±k %55 - %133 bir kÃ¢rlÄ±lÄ±k olacak.",STORJ
2023-06-05 20:46:07.000000,"ğŸš¨ğŸš¨
                                 
#TroiaRobot 'dan #A L p h a sinyali geldi 0,102$'dan. Yine desteÄŸi yakÄ±n olduÄŸu iÃ§in paylaÅŸÄ±yorum. Stop: 0,94$ altÄ± gÃ¼n kapanÄ±ÅŸÄ± ve ya -%9/11                                    
                                                         
Hedefler: 0,110$ - 0,124$ - 0,141$ - 0,184$ - 0,24$                                                       
                                                              
UnutmayÄ±n Robot haber takibi yapamaz duygularÄ± yoktur, o sebeple kazanÃ§ garantisi yoktur. Stop riski her zaman her yerde vardÄ±r.1",ALPHA
2023-06-04 21:08:15.000000,"ğŸš¨ğŸš¨
                           
#TroiaRobot 'dan #REN sinyali geldi 0,078$'dan.  
     
KÄ±sa vadeli bir trade, stop noktamÄ± grafikte anlatacaÄŸÄ±m birazdan. Hedefim yaklaÅŸÄ±k %80 - %164 bir kÃ¢rlÄ±lÄ±k olacak.",REN
2023-05-30 20:24:49.000000,"ğŸš¨ğŸš¨
                         
#TroiaRobot 'dan #CHR sinyali geldi 0,145$'dan. 
   
KÄ±sa vadeli bir trade, stop noktamÄ± grafikte anlatacaÄŸÄ±m birazdan. Hedefim yaklaÅŸÄ±k %85 - %220 bir kÃ¢rlÄ±lÄ±k olacak.",CHR
2023-05-28 19:41:32.000000,"ğŸš¨ğŸš¨
                                 
#TroiaRobot 'dan #KN C sinyali geldi 0,63$'dan. Yine desteÄŸi yakÄ±n olduÄŸu iÃ§in paylaÅŸÄ±yorum. Stop: 56$ altÄ± gÃ¼n kapanÄ±ÅŸÄ± ve ya -%9/11                                    
                                                         
Hedefler: 0,68$ - 0,74$ - 0,82$ - 0,91$ - 1,1$                                                       
                                                              
UnutmayÄ±n Robot haber takibi yapamaz duygularÄ± yoktur, o sebeple kazanÃ§ garantisi yoktur. Stop riski her zaman her yerde vardÄ±r.1",KNC
2023-05-25 20:04:45.000000,"ğŸš¨ğŸš¨
                          
#TroiaRobot 'dan #M TL sinyali geldi 1$'dan. 
    
KÄ±sa vadeli bir trade, stop noktamÄ± grafikte anlatacaÄŸÄ±m birazdan. Hedefim yaklaÅŸÄ±k %50 - %150 bir kÃ¢rlÄ±lÄ±k olacak.",MTL
2023-05-18 19:45:05.000000,"ğŸš¨ğŸš¨
 
Az Ã¶nce KNC ve UNFIâ€™yi %50/60 kÃ¢rlÄ±lÄ±kla sattÄ±m demiÅŸtim.  
 
Onlarla orta vadeli coinim olan #SYNâ€™ye ekleme yapÄ±yorum. 
 
Birazdan grafik geliyor..",SNX
2023-05-15 19:14:47.000000,"ğŸš¨ğŸš¨
                         
#TroiaRobot'dan Ontology #O NT sinyali geldi. Ben de 0,33$'dan sattÄ±klarÄ±mÄ± buradan geri satÄ±n aldÄ±m. 
 
Birazdan grafik Ã¼stÃ¼nde hedeflerini ve stopunu paylaÅŸacaÄŸÄ±m.",ONT
2023-05-12 21:37:46.000000,Åurada hedeflerini ve stop ÅŸartlarÄ±nÄ± paylaÅŸmÄ±ÅŸtÄ±m. Buna gÃ¶re takip edebilirsiniz.. #ALPHA.. ğŸš¨ğŸš¨,ALPHA
2023-05-12 21:36:17.000000,"ğŸš¨ğŸš¨
 
Yeni arkadaÅŸlar, iÅŸlem bakan arkadaÅŸlar iÃ§in #ALPHA iÅŸlemimiz hala alÄ±m yerinde. #TroiaRobot sinyalidir. 
 
AlÄ±m yeri: 0,100$",ALPHA
2023-05-11 18:48:18.000000,"ğŸš¨ğŸš¨
 
SÃ¶z verdiÄŸim gibi #BEL'i 0,60$'a kadar basmayÄ± baÅŸardÄ±k. Buradan ÅŸansÄ±mÄ±zÄ± deneyeceÄŸiz.                           
                                
#TroiaRobot 'dan #BEL sinyali geldi 0,60$'dan. Spot alÄ±ma uygundur. Stop: 0,52$ altÄ± gÃ¼n kapanÄ±ÅŸÄ± ve ya -%9/11                                   
                                                        
Hedefler: 0,66$ - 0,72$ - 0,91$ - 1,2$ - 3,5$                                                      
                                                             
UnutmayÄ±n Robot haber takibi yapamaz duygularÄ± yoktur, o sebeple kazanÃ§ garantisi yoktur. Stop riski her zaman her yerde vardÄ±r.1",BEL
2023-04-29 19:55:31.000000,"ğŸš¨ğŸš¨
                                 
#TroiaRobot 'dan #RL C sinyali geldi 1,64$'dan. Yine desteÄŸi yakÄ±n olduÄŸu iÃ§in paylaÅŸÄ±yorum. Stop: 1,47$ altÄ± gÃ¼n kapanÄ±ÅŸÄ± ve ya -%9/11                                    
                                                         
Hedefler: 1,74$ - 1,88$ - 2$ - 2,6$ - 3,4$                                                       
                                                              
UnutmayÄ±n Robot haber takibi yapamaz duygularÄ± yoktur, o sebeple kazanÃ§ garantisi yoktur. Stop riski her zaman her yerde vardÄ±r.1",RLC
2023-04-27 19:37:06.000000,"ğŸš¨ğŸš¨
                                
#TroiaRobot 'dan #ALP H A sinyali geldi 0,110$'dan. Yine desteÄŸi yakÄ±n olduÄŸu iÃ§in paylaÅŸÄ±yorum. Stop: 0,96$ altÄ± gÃ¼n kapanÄ±ÅŸÄ± ve ya -%9/11                                   
                                                        
Hedefler: 0,122$ - 0,140$ - 0,182$ - 0,240$ - 0,320$                                                      
                                                             
UnutmayÄ±n Robot haber takibi yapamaz duygularÄ± yoktur, o sebeple kazanÃ§ garantisi yoktur. Stop riski her zaman her yerde vardÄ±r.1",ALPHA
2023-04-23 14:49:38.000000,"ğŸš¨ğŸš¨
                               
#TroiaRobot 'dan #OCEAN sinyali geldi 0,37$'dan. Yine desteÄŸi yakÄ±n olduÄŸu iÃ§in paylaÅŸÄ±yorum. Stop: 0,335$ altÄ± gÃ¼n kapanÄ±ÅŸÄ± ve ya -%9/11                                  
                                                       
Hedefler: 0,39$ - 0,44$ - 0,52$ - 1$ - 1,5$                                                     
                                                            
UnutmayÄ±n Robot haber takibi yapamaz duygularÄ± yoktur, o sebeple kazanÃ§ garantisi yoktur. Stop riski her zaman her yerde vardÄ±r.1",OCEAN
2023-04-22 18:39:54.000000,"ğŸš¨ğŸš¨
                              
#TroiaRobot 'dan #BE L sinyali geldi 0,66$'dan. Yine desteÄŸi yakÄ±n olduÄŸu iÃ§in paylaÅŸÄ±yorum. Stop: 0,60$ altÄ± gÃ¼n kapanÄ±ÅŸÄ± ve ya -%9/11                                 
                                                      
Hedefler: 0,72$ - 0,80$ - 0,91$ - 1,2$ - 3,5$                                                    
                                                           
UnutmayÄ±n Robot haber takibi yapamaz duygularÄ± yoktur, o sebeple kazanÃ§ garantisi yoktur. Stop riski her zaman her yerde vardÄ±r.1",BEL
2023-04-19 19:30:45.000000,"ğŸš¨ğŸš¨
                               
#TroiaRobot 'dan #ALPH A sinyali geldi 0,116$'dan. Yine desteÄŸi yakÄ±n olduÄŸu iÃ§in paylaÅŸÄ±yorum. Stop: 0,109$ altÄ± gÃ¼n kapanÄ±ÅŸÄ± veya -%11                                   
                                                       
Hedefler: 0,122$ - 0,140$ - 0,164$ - 0,184$ - 0,240$                                                     
                                                            
UnutmayÄ±n Robot haber takibi yapamaz duygularÄ± yoktur, o sebeple kazanÃ§ garantisi yoktur. Stop riski her zaman her yerde vardÄ±r.1",ALPHA
2023-04-19 17:36:53.000000,"ğŸš¨ğŸš¨

Bana en Ã§ok sorulan soru; hocam #AUDIO'yu sattÄ±nÄ±z mÄ±?

HayÄ±r arkadaÅŸlar ana paramÄ± Ã§ektim, iÃ§eride kÃ¢rlarÄ±n tamamÄ± 3x hedefli duruyor.

Hedef 0,67$",AUDIO
2023-04-14 18:07:28.000000,"ğŸš¨ğŸš¨
                              
#TroiaRobot 'dan #BE L sinyali geldi 0,72$'dan. Stop: 0,60$ altÄ± gÃ¼n kapanÄ±ÅŸÄ±. O yÃ¼zden 0,62$ civarÄ± bir emir daha girilebilir. YarÄ±m R yarÄ±m R gibi.                                      
                                                      
Hedefler: 0,77$ - 0,84$ - 0,91$ - 1,4$ - 3,5$                                                    
                                                           
UnutmayÄ±n Robot haber takibi yapamaz duygularÄ± yoktur, o sebeple kazanÃ§ garantisi yoktur. Stop riski her zaman her yerde vardÄ±r.1",BEL
2023-04-06 19:30:10.000000,"ğŸš¨ğŸš¨
                     
#TroiaRobot 'dan #AUDIO sinyali geldi 0,29$'dan. 
        
Yine desteÄŸi yakÄ±n olduÄŸu iÃ§in paylaÅŸÄ±yorum. (Stop: %9/11) Veya 0,25$ altÄ± gÃ¼n kapanÄ±ÅŸÄ±.",AUDIO
2023-04-05 09:55:01.000000,"ğŸš¨ğŸš¨
                            
#TroiaRobot 'dan #OMG sinyali geldi 1,55$'dan. Yine desteÄŸi yakÄ±n olduÄŸu iÃ§in paylaÅŸÄ±yorum. (Stop %6-7)                                           
                                                    
Hedefler: 1,62$ - 1,71$ - 1,80$ - 2$ - 3,2$                                                  
                                                         
UnutmayÄ±n Robot haber takibi yapamaz duygularÄ± yoktur, o sebeple kazanÃ§ garantisi yoktur. Stop riski her zaman her yerde vardÄ±r.1",OMG
2023-03-29 19:07:04.000000,"ğŸš¨ğŸš¨
                         
#TroiaRobot 'dan #ATA sinyali geldi 0,160$'dan. Yine desteÄŸi yakÄ±n olduÄŸu iÃ§in paylaÅŸÄ±yorum. (Stop: 9/11) Veya 0,130$ altÄ± gÃ¼n kapanÄ±ÅŸÄ±.                                         
                                                 
Hedefler: 0,172$ - 0,188$ - 0,21$ - 0,26$ - 0,49$                                               
                                                      
UnutmayÄ±n Robot haber takibi yapamaz duygularÄ± yoktur, o sebeple kazanÃ§ garantisi yoktur. Stop riski her zaman her yerde vardÄ±r.1",ATA
2023-03-29 19:03:18.000000,"ğŸš¨ğŸš¨

0,170$'dan yarÄ±sÄ±nÄ± satmÄ±ÅŸtÄ±m biliyorsunuz, buradan yeniden 1$ hedefli #ATA satÄ±n aldÄ±m. #TroiaRobot",ATA
2023-03-25 21:59:18.000000,"ğŸš¨ğŸš¨
                            
#TroiaRobot 'dan #CTSI sinyali geldi 0,142$'dan. Yine desteÄŸi yakÄ±n olduÄŸu iÃ§in paylaÅŸÄ±yorum. (Stop: 9/11) Veya 0,127$ altÄ± gÃ¼n kapanÄ±ÅŸÄ±.                                            
                                                    
Hedefler: 0,152$ - 0,166$ - 0,180$ - 0,200$ - 0,260$                                                  
                                                         
UnutmayÄ±n Robot haber takibi yapamaz duygularÄ± yoktur, o sebeple kazanÃ§ garantisi yoktur. Stop riski her zaman her yerde vardÄ±r.1",CTSI
2023-03-15 20:55:38.000000,"ğŸš¨ğŸš¨
                            
#TroiaRobot 'dan #CTSI sinyali geldi 0,139$'dan. Yine desteÄŸi yakÄ±n olduÄŸu iÃ§in paylaÅŸÄ±yorum. (Stop: 9/11) Veya 0,127$ altÄ± gÃ¼n kapanÄ±ÅŸÄ±.                                            
                                                    
Hedefler: 0,149$ - 0,162$ - 0,185$ - 0,200$ - 0,260$                                                  
                                                         
UnutmayÄ±n Robot haber takibi yapamaz duygularÄ± yoktur, o sebeple kazanÃ§ garantisi yoktur. Stop riski her zaman her yerde vardÄ±r.1",CTSI
2023-03-10 17:12:05.000000,"ğŸš¨ğŸš¨

0,315$ seviyelerinden #OCEAN satÄ±n aldÄ±m. Eski gÃ¶z bebeklerimden.",OCEAN
2023-03-05 19:13:35.000000,"ğŸš¨ğŸš¨

0,21$ civarÄ±ndan sattÄ±ÄŸÄ±m #ATA'yÄ± 0,157$'dan geri satÄ±n aldÄ±m.",ATA
2023-02-26 20:41:12.000000,"ğŸš¨ğŸš¨
                           
#TroiaRobot 'dan #SXP sinyali geldi 0,33$'dan. Yine desteÄŸi yakÄ±n olduÄŸu iÃ§in paylaÅŸÄ±yorum. (Stop: 9/11) Veya 0,30$ altÄ± gÃ¼n kapanÄ±ÅŸÄ±.                                           
                                                   
Hedefler: 0,364$ - 0,382$ - 0,42$ - 0,64$ - 0,88$                                                 
                                                        
UnutmayÄ±n Robot haber takibi yapamaz duygularÄ± yoktur, o sebeple kazanÃ§ garantisi yoktur. Stop riski her zaman her yerde vardÄ±r.1",SXP
2023-02-19 13:40:44.000000,"ğŸš¨ğŸš¨
                          
#TroiaRobot 'dan #SXP sinyali geldi 0,34$'dan. Yine desteÄŸi yakÄ±n olduÄŸu iÃ§in paylaÅŸÄ±yorum. (Stop: 9/11) Veya 0,30$ altÄ± gÃ¼n kapanÄ±ÅŸÄ±.                                          
                                                  
Hedefler: 0,364$ - 0,382$ - 0,42$ - 0,64$ - 0,88$                                                
                                                       
UnutmayÄ±n Robot haber takibi yapamaz duygularÄ± yoktur, o sebeple kazanÃ§ garantisi yoktur. Stop riski her zaman her yerde vardÄ±r.1",SXP
2023-02-13 19:04:31.000000,"ğŸš¨ğŸš¨
                         
#TroiaRobot 'dan #ONT sinyali geldi 0,21$'dan. Yine desteÄŸi yakÄ±n olduÄŸu iÃ§in paylaÅŸÄ±yorum. (Stop: 9/11) Veya 0,195$ altÄ± gÃ¼n kapanÄ±ÅŸÄ±.                                         
                                                 
Hedefler: 0,2290$ - 0,2350$ - 0,2500$ - 0,2680$ - 0,3100$                                               
                                                      
UnutmayÄ±n Robot haber takibi yapamaz duygularÄ± yoktur, o sebeple kazanÃ§ garantisi yoktur. Stop riski her zaman her yerde vardÄ±r.1",ONT
2023-02-12 19:32:15.000000,"ğŸš¨ğŸš¨
                          
#TroiaRobot 'dan #BAT sinyali geldi 0,28$'dan. Yine desteÄŸi yakÄ±n olduÄŸu iÃ§in paylaÅŸÄ±yorum. (Stop: 9/11) Veya 0,24$ altÄ± gÃ¼n kapanÄ±ÅŸÄ±.                                          
                                                  
Hedefler: 0,3$ - 0,33$ - 0,35$ - 0,45$ - 0,62$                                                
                                                       
UnutmayÄ±n Robot haber takibi yapamaz duygularÄ± yoktur, o sebeple kazanÃ§ garantisi yoktur. Stop riski her zaman her yerde vardÄ±r.1",BAT
2023-02-10 18:13:40.000000,"ğŸš¨ğŸš¨
                        
#TroiaRobot 'dan #ONT sinyali geldi 0,2160$'dan. Yine desteÄŸi yakÄ±n olduÄŸu iÃ§in paylaÅŸÄ±yorum. (Stop: 9/11) Veya 0,195$ altÄ± gÃ¼n kapanÄ±ÅŸÄ±.                                        
                                                
Hedefler: 0,2290$ - 0,2350$ - 0,2500$ - 0,2680$ - 0,3100$                                              
                                                     
UnutmayÄ±n Robot haber takibi yapamaz duygularÄ± yoktur, o sebeple kazanÃ§ garantisi yoktur. Stop riski her zaman her yerde vardÄ±r.1",ONT
2023-02-03 19:54:59.000000,"ğŸš¨ğŸš¨
                       
#TroiaRobot 'dan #ONT sinyali geldi 0,2190$'dan. Yine desteÄŸi yakÄ±n olduÄŸu iÃ§in paylaÅŸÄ±yorum. (Stop: 9/11) Veya 0,195$ altÄ± gÃ¼n kapanÄ±ÅŸÄ±.                                       
                                               
Hedefler: 0,2290$ - 0,2350$ - 0,2500$ - 0,2680$ - 0,3100$                                             
                                                    
UnutmayÄ±n Robot haber takibi yapamaz duygularÄ± yoktur, o sebeple kazanÃ§ garantisi yoktur. Stop riski her zaman her yerde vardÄ±r.1",ONT
2023-02-02 17:33:01.000000,"ğŸš¨ğŸš¨
                        
#TroiaRobot 'dan #ATA sinyali geldi 0,160$'dan. Yine desteÄŸi yakÄ±n olduÄŸu iÃ§in paylaÅŸÄ±yorum. (Stop: 9/11) Veya 0,130$ altÄ± gÃ¼n kapanÄ±ÅŸÄ±.                                        
                                                
Hedefler: 0,172$ - 0,188$ - 0,21$ - 0,26$ - 0,49$                                              
                                                     
UnutmayÄ±n Robot haber takibi yapamaz duygularÄ± yoktur, o sebeple kazanÃ§ garantisi yoktur. Stop riski her zaman her yerde vardÄ±r.1",ATA
2023-01-31 18:16:10.000000,"ğŸš¨ğŸš¨
                       
#TroiaRobot 'dan #KNC sinyali geldi 0,76$'dan. Yine desteÄŸi yakÄ±n olduÄŸu iÃ§in paylaÅŸÄ±yorum. (Stop: 9/11) Veya 0,67$ altÄ± gÃ¼n kapanÄ±ÅŸÄ±.                                       
                                               
Hedefler: 0,80$ - 0,89$ - 1,1$ - 1,6$ - 2,3$                                             
                                                    
UnutmayÄ±n Robot haber takibi yapamaz duygularÄ± yoktur, o sebeple kazanÃ§ garantisi yoktur. Stop riski her zaman her yerde vardÄ±r.1",KNC
2023-01-26 19:23:24.000000,"ğŸš¨ğŸš¨
                      
#TroiaRobot 'dan #RLC sinyali geldi 1,69$'dan. Yine desteÄŸi yakÄ±n olduÄŸu iÃ§in paylaÅŸÄ±yorum. (Stop: 9/11) Veya 1,50$ altÄ± gÃ¼n kapanÄ±ÅŸÄ±.                                      
                                              
Hedefler: 1,8$ - 1,99$ - 2,1$ - 2,6$ - 3,6$                                            
                                                   
UnutmayÄ±n Robot haber takibi yapamaz duygularÄ± yoktur, o sebeple kazanÃ§ garantisi yoktur. Stop riski her zaman her yerde vardÄ±r.1",RLC
2023-01-24 16:57:40.000000,"ğŸš¨ğŸš¨
                       
#TroiaRobot 'dan #DUSK sinyali geldi 0,122$'dan. Yine desteÄŸi yakÄ±n olduÄŸu iÃ§in paylaÅŸÄ±yorum. (Stop: 9/11) Veya 0,109$ altÄ± gÃ¼n kapanÄ±ÅŸÄ±.                                       
                                               
Hedefler: 0,134$ - 0,150$ - 0,181$ - 0,21$ - 0,30$                                             
                                                    
UnutmayÄ±n Robot haber takibi yapamaz duygularÄ± yoktur, o sebeple kazanÃ§ garantisi yoktur. Stop riski her zaman her yerde vardÄ±r.1",DUSK
2023-01-23 21:15:30.000000,"ğŸš¨ğŸš¨
                      
#TroiaRobot 'dan #UNFI sinyali geldi 5,4$'dan. Yine desteÄŸi yakÄ±n olduÄŸu iÃ§in paylaÅŸÄ±yorum. (Stop: 9/11) Veya 4,7$ altÄ± gÃ¼n kapanÄ±ÅŸÄ±.                                      
                                              
Hedefler: 6,1$ - 7,4$ - 8,5$ - 10$ - 23$                                            
                                                   
UnutmayÄ±n Robot haber takibi yapamaz duygularÄ± yoktur, o sebeple kazanÃ§ garantisi yoktur. Stop riski her zaman her yerde vardÄ±r.1",UNFI
2023-01-20 17:37:03.000000,"ğŸš¨ğŸš¨ Arka arkaya yoÄŸun alÄ±mlar geliyor #AUDIO'ya!
 
Ben de %50 kÃ¢rla sattÄ±klarÄ±mÄ± buradan biraz geri ekledim, tahtada satÄ±ÅŸlar kalktÄ±ÄŸÄ± iÃ§in.  
 
0,165$ altÄ± gÃ¼n kapanÄ±ÅŸÄ± stoplu.",AUDIO
2023-01-19 18:58:36.000000,"ğŸš¨ğŸš¨
                     
#TroiaRobot 'dan #INJ sinyali geldi 1,51$'dan. Yine desteÄŸi yakÄ±n olduÄŸu iÃ§in paylaÅŸÄ±yorum. (Stop: 9/11) Veya 1,40$ altÄ± gÃ¼n kapanÄ±ÅŸÄ±.                                     
                                             
Hedefler: 1,62$ - 1,8$ - 1,95$ - 2,2$ - 3,1$                                           
                                                  
UnutmayÄ±n Robot haber takibi yapamaz duygularÄ± yoktur, o sebeple kazanÃ§ garantisi yoktur. Stop riski her zaman her yerde vardÄ±r.1",INJ
2023-01-16 20:25:01.000000,"ğŸš¨ğŸš¨
                    
#TroiaRobot 'dan #ALPHA sinyali geldi 0,107$'dan. Yine desteÄŸi yakÄ±n olduÄŸu iÃ§in paylaÅŸÄ±yorum. (Stop: 9/11) Veya 0,100$ altÄ± gÃ¼n kapanÄ±ÅŸÄ±.                                    
                                            
Hedefler: 0,114$ - 0,120$ - 0,140$ - 0,184$ - 0,24$                                          
                                                 
UnutmayÄ±n Robot haber takibi yapamaz duygularÄ± yoktur, o sebeple kazanÃ§ garantisi yoktur. Stop riski her zaman her yerde vardÄ±r.",ALPHA
2023-01-12 18:57:57.000000,"ğŸš¨ğŸš¨
                   
#TroiaRobot 'dan #INJ sinyali geldi 1,515$'dan. Yine desteÄŸi yakÄ±n olduÄŸu iÃ§in paylaÅŸÄ±yorum. (Stop: 9/11) Veya 0,1,43$ altÄ± gÃ¼n kapanÄ±ÅŸÄ±.                                   
                                           
Hedefler: 1,62$ - 1,8$ - 1,95$ - 2,2$ - 3,1$                                         
                                                
UnutmayÄ±n Robot haber takibi yapamaz duygularÄ± yoktur, o sebeple kazanÃ§ garantisi yoktur. Stop riski her zaman her yerde vardÄ±r.",INJ
2023-01-07 18:47:03.000000,"ğŸš¨ğŸš¨

Yeni deÄŸil de #AUDIO hala sinyal gÃ¶ndermeye devam ediyor. Haberiniz olsun.",AUDIO
2023-01-06 20:31:38.000000,"ğŸš¨ğŸš¨
                  
#TroiaRobot 'dan #AUDIO sinyali geldi 0,143$'dan. Yine desteÄŸi yakÄ±n olduÄŸu iÃ§in paylaÅŸÄ±yorum. (Stop: 9/11) Veya 0,137$ altÄ± gÃ¼n kapanÄ±ÅŸÄ±.                                  
                                          
Hedefler: 0,149$ - 0,161$ - 0,173$ - 0,195$ - 0,255$                                        
                                               
UnutmayÄ±n Robot haber takibi yapamaz duygularÄ± yoktur, o sebeple kazanÃ§ garantisi yoktur. Stop riski her zaman her yerde vardÄ±r.",AUDIO
2023-01-02 20:00:24.000000,"ğŸš¨ğŸš¨
                 
#TroiaRobot 'dan #ALPHA sinyali geldi 0,066$'dan. Yine desteÄŸi yakÄ±n olduÄŸu iÃ§in paylaÅŸÄ±yorum. (Stop: 9/11) Veya 0,061$ altÄ± gÃ¼n kapanÄ±ÅŸÄ±.                                 
                                         
Hedefler: 0,072$ - 0,079$ - 0,083$ - 0,092$ - 0,1$                                       
                                              
UnutmayÄ±n Robot haber takibi yapamaz duygularÄ± yoktur, o sebeple kazanÃ§ garantisi yoktur. Stop riski her zaman her yerde vardÄ±r.",ALPHA
2022-12-09 18:18:40.000000,"ğŸš¨ğŸš¨
                
#TroiaRobot 'dan #ALPHA sinyali geldi 0,088$'dan. Yine desteÄŸi yakÄ±n olduÄŸu iÃ§in paylaÅŸÄ±yorum. (Stop: 9/11) Veya 0,080$ altÄ± gÃ¼n kapanÄ±ÅŸÄ±.                                
                                        
Hedefler: 0,092$ - 0,099$ - 0,105$ - 0,12$ - 0,136$                                      
                                             
UnutmayÄ±n Robot haber takibi yapamaz duygularÄ± yoktur, o sebeple kazanÃ§ garantisi yoktur. Stop riski her zaman her yerde vardÄ±r.",ALPHA
2022-12-06 19:09:33.000000,"ğŸš¨ğŸš¨
               
#TroiaRobot 'dan #VITE sinyali geldi 0,0250$'dan. Yine desteÄŸi yakÄ±n olduÄŸu iÃ§in paylaÅŸÄ±yorum. (Stop: 9/11) Veya 0,022$ altÄ± gÃ¼n kapanÄ±ÅŸÄ±.                               
                                       
Hedefler: 0,0260$ - 0,0272$ - 0,029$ - 0,031$ - 0,036$                                     
                                            
UnutmayÄ±n Robot haber takibi yapamaz duygularÄ± yoktur, o sebeple kazanÃ§ garantisi yoktur. Stop riski her zaman her yerde vardÄ±r.",VET
2022-11-24 16:08:26.000000,"ğŸš¨ğŸš¨
              
#TroiaRobot 'dan #OGN sinyali geldi 0,103$'dan. Yine desteÄŸi yakÄ±n olduÄŸu iÃ§in paylaÅŸÄ±yorum. (Stop: 9/11) Veya 0,093$ altÄ± gÃ¼n kapanÄ±ÅŸÄ±.                              
                                      
Hedefler: 0,109$ - 0,117$ - 0,143$ - 0,181$                                     
                                           
UnutmayÄ±n Robot haber takibi yapamaz duygularÄ± yoktur, o sebeple kazanÃ§ garantisi yoktur. Stop riski her zaman her yerde vardÄ±r.",OGN
2022-11-21 16:03:06.000000,"ğŸš¨ğŸš¨
               
#TroiaRobot 'dan #INJ sinyali geldi 1,59$'dan. Yine desteÄŸi yakÄ±n olduÄŸu iÃ§in paylaÅŸÄ±yorum. (Stop: 9/11) Veya 1,43$ altÄ± gÃ¼n kapanÄ±ÅŸÄ±.                               
                                       
Hedefler: 1,66$ - 1,78$ - 1,9$ - 2,12$                                      
                                            
UnutmayÄ±n Robot haber takibi yapamaz duygularÄ± yoktur, o sebeple kazanÃ§ garantisi yoktur. Stop riski her zaman her yerde vardÄ±r.",INJ
2022-11-18 15:36:51.000000,"ğŸš¨ğŸš¨
              
#TroiaRobot 'dan #LIT sinyali geldi 0,71$'dan. Yine desteÄŸi yakÄ±n olduÄŸu iÃ§in paylaÅŸÄ±yorum. (Stop: 9/11) Veya 0,64$ altÄ± gÃ¼n kapanÄ±ÅŸÄ±.                              
                                      
Hedefler: 0,75$ - 0,82$ - 0,9$ - 1,1$                                     
                                           
UnutmayÄ±n Robot haber takibi yapamaz duygularÄ± yoktur, o sebeple kazanÃ§ garantisi yoktur. Stop riski her zaman her yerde vardÄ±r.",LIT
2022-11-14 13:54:00.000000,"ğŸš¨ğŸš¨
             
#TroiaRobot 'dan #OGN sinyali geldi 0,99$'dan. Yine desteÄŸi yakÄ±n olduÄŸu iÃ§in paylaÅŸÄ±yorum. (Stop: 9/11) Veya 0,92$ altÄ± gÃ¼n kapanÄ±ÅŸÄ±.                             
                                     
Hedefler: 0,108$ - 0,117$ - 0,143$ - 0,181$                                    
                                          
UnutmayÄ±n Robot haber takibi yapamaz duygularÄ± yoktur, o sebeple kazanÃ§ garantisi yoktur. Stop riski her zaman her yerde vardÄ±r.",OGN
2022-11-12 18:45:42.000000,"ğŸš¨ğŸš¨
             
#TroiaRobot 'dan #AUCTÄ°ON sinyali geldi 4,4$'dan. Yine desteÄŸi yakÄ±n olduÄŸu iÃ§in paylaÅŸÄ±yorum. (Stop: 9/11) Veya 4$ altÄ± gÃ¼n kapanÄ±ÅŸÄ±.                             
                                     
Hedefler: 4,9$ - 5,4$ - 7$ - 12$                                    
                                          
UnutmayÄ±n Robot haber takibi yapamaz duygularÄ± yoktur, o sebeple kazanÃ§ garantisi yoktur. Stop riski her zaman her yerde vardÄ±r.",AUCTION
2022-11-10 11:17:54.000000,"ğŸš¨ğŸš¨
            
#TroiaRobot 'dan #OGN sinyali geldi 0,102$'dan. Yine desteÄŸi yakÄ±n olduÄŸu iÃ§in paylaÅŸÄ±yorum. (Stop: 9/11) Veya 0,92$ altÄ± gÃ¼n kapanÄ±ÅŸÄ±.                            
                                    
Hedefler: 0,108$ - 0,117$ - 0,143$ - 0,181$                                   
                                         
UnutmayÄ±n Robot haber takibi yapamaz duygularÄ± yoktur, o sebeple kazanÃ§ garantisi yoktur. Stop riski her zaman her yerde vardÄ±r.",OGN
2022-11-04 20:22:30.000000,"ğŸš¨ğŸš¨
           
#TroiaRobot 'dan #ZRX sinyali geldi 0,28$'dan. Yine desteÄŸi yakÄ±n olduÄŸu iÃ§in paylaÅŸÄ±yorum. (Stop: 9/11) Veya 0,255$ altÄ± gÃ¼n kapanÄ±ÅŸÄ±.                           
                                   
Hedefler: 0,29$ - 0,305$ - 0,332$ - 0,40$                                  
                                        
UnutmayÄ±n Robot haber takibi yapamaz duygularÄ± yoktur, o sebeple kazanÃ§ garantisi yoktur. Stop riski her zaman her yerde vardÄ±r.",ZRX
2022-11-03 18:14:24.000000,"ğŸš¨ğŸš¨
 
Bu arada #AUCTÄ°ON soruluyor. YakÄ±nda #BAND tarzÄ± bir hareket bekliyorum. HenÃ¼z tek adet satmÄ±ÅŸ deÄŸilim. 
 
Hedef: 12$ kademeli ve stoplu. (%100)",AUCTION
2022-10-30 20:27:45.000000,"ğŸš¨ğŸš¨
            
#TroiaRobot 'dan #AUCTÄ°ON sinyali geldi 6,15$'dan. Yine desteÄŸi yakÄ±n olduÄŸu iÃ§in paylaÅŸÄ±yorum. (Stop: 9/11) Veya 5,66$ altÄ± gÃ¼n kapanÄ±ÅŸÄ±.                            
                                    
Hedefler: 6,4$ - 7,1$ - 7,9$ - 12$                                   
                                         
UnutmayÄ±n Robot haber takibi yapamaz duygularÄ± yoktur, o sebeple kazanÃ§ garantisi yoktur. Stop riski her zaman her yerde vardÄ±r.",AUCTION
2022-10-28 18:04:51.000000,"ğŸš¨ğŸš¨
            
#TroiaRobot 'dan #LEVER sinyali geldi 0,0154$'dan. Yine desteÄŸi yakÄ±n olduÄŸu iÃ§in paylaÅŸÄ±yorum. (Stop: 9/11) Veya 0,0141$ altÄ± gÃ¼n kapanÄ±ÅŸÄ±.                            
                                    
Hedefler: 0,0161$ - 0,0177$ - 0,0185$ - 0,0222$                                   
                                         
UnutmayÄ±n Robot haber takibi yapamaz duygularÄ± yoktur, o sebeple kazanÃ§ garantisi yoktur. Stop riski her zaman her yerde vardÄ±r.",LEVER
2022-10-24 19:30:17.000000,"ğŸš¨ğŸš¨
           
#TroiaRobot 'dan #TOMO sinyali geldi 0,405$'dan. Yine desteÄŸi yakÄ±n olduÄŸu iÃ§in paylaÅŸÄ±yorum. (Stop: 9/11) Veya 0,37$ altÄ± gÃ¼n kapanÄ±ÅŸÄ±.                           
                                   
Hedefler: 0,43$ - 0,46$ - 0,55$ - 0,71$                                  
                                        
UnutmayÄ±n Robot haber takibi yapamaz duygularÄ± yoktur, o sebeple kazanÃ§ garantisi yoktur. Stop riski her zaman her yerde vardÄ±r.",TOMO
2022-10-15 21:03:55.000000,"ğŸš¨ğŸš¨
          
#TroiaRobot 'dan #DGB sinyali geldi 0,0087$'dan. Yine desteÄŸi yakÄ±n olduÄŸu iÃ§in paylaÅŸÄ±yorum. (Stop: 9/11) Veya 0,79$ altÄ± gÃ¼n kapanÄ±ÅŸÄ±.                          
                                  
Hedefler: 0,0093$ - 0,0099$ - 0,0105$ - 0,0150$                                 
                                       
UnutmayÄ±n Robot haber takibi yapamaz duygularÄ± yoktur, o sebeple kazanÃ§ garantisi yoktur. Stop riski her zaman her yerde vardÄ±r.",DGB
2022-10-15 12:02:44.000000,"ğŸš¨ğŸš¨
         
#TroiaRobot 'dan #ALPHA sinyali geldi 0,109$'dan. Yine desteÄŸi yakÄ±n olduÄŸu iÃ§in paylaÅŸÄ±yorum. (Stop: 9/11) Veya 0,100$ altÄ± gÃ¼n kapanÄ±ÅŸÄ±.                         
                                 
Hedefler: 0,115$ - 0,122$ - 0,136$ - 0,184$                                
                                      
UnutmayÄ±n Robot haber takibi yapamaz duygularÄ± yoktur, o sebeple kazanÃ§ garantisi yoktur. Stop riski her zaman her yerde vardÄ±r.",ALPHA
2022-10-07 17:15:13.000000,"ğŸš¨ğŸš¨

#TroiaRobotâ€™dan #OCEAN sinyali geldi. Ben de satÄ±n aldÄ±m.",OCEAN
2022-09-30 16:57:26.000000,"ğŸš¨ğŸš¨
         
#TroiaRobot 'dan #OCEAN sinyali geldi 0,160$'dan. Yine desteÄŸi yakÄ±n olduÄŸu iÃ§in paylaÅŸÄ±yorum. (Stop: 9/11) Veya 0,147$ altÄ± gÃ¼n kapanÄ±ÅŸÄ±.                         
                                 
Hedefler: 0,168$ - 0,179$ - 0,195$ - 0,21$                                
                                      
UnutmayÄ±n Robot haber takibi yapamaz duygularÄ± yoktur, o sebeple kazanÃ§ garantisi yoktur. Stop riski her zaman her yerde vardÄ±r.",OCEAN
2022-09-27 19:16:11.000000,"ğŸš¨ğŸš¨
        
#TroiaRobot 'dan #CELO sinyali geldi 0,79$'dan. Yine desteÄŸi yakÄ±n olduÄŸu iÃ§in paylaÅŸÄ±yorum. (Stop: 9/11) Veya 0,72$ altÄ± gÃ¼n kapanÄ±ÅŸÄ±.                        
                                
Hedefler: 0,81$ - 0,88$ - 0,96$ - 1,1$                               
                                     
UnutmayÄ±n Robot haber takibi yapamaz duygularÄ± yoktur, o sebeple kazanÃ§ garantisi yoktur. Stop riski her zaman her yerde vardÄ±r.",CELO
2022-09-24 18:17:00.000000,"ğŸš¨ğŸš¨
       
#TroiaRobot 'dan #BAND sinyali geldi 1,20$'dan. Yine desteÄŸi yakÄ±n olduÄŸu iÃ§in paylaÅŸÄ±yorum. (Stop: 9/11) Veya 1,07$ altÄ± gÃ¼n kapanÄ±ÅŸÄ±.                       
                               
Hedefler: 1,32$ - 1,42$ - 1,80$ - 2,17$                              
                                    
UnutmayÄ±n Robot haber takibi yapamaz duygularÄ± yoktur, o sebeple kazanÃ§ garantisi yoktur. Stop riski her zaman her yerde vardÄ±r.",BAND
2022-09-18 20:07:17.000000,"ğŸš¨ğŸš¨
         
#TroiaRobot 'dan #JASMY sinyali geldi 0,0082$'dan. Yine desteÄŸi yakÄ±n olduÄŸu iÃ§in paylaÅŸÄ±yorum. (Stop: 9/11) Veya 0,0080$ altÄ± gÃ¼n kapanÄ±ÅŸÄ±.                         
                                 
Hedefler: 0,0085$ - 0,0092$ - 0,0104$ - 0,0115$                                
                                      
UnutmayÄ±n Robot haber takibi yapamaz duygularÄ± yoktur, o sebeple kazanÃ§ garantisi yoktur. Stop riski her zaman her yerde vardÄ±r.",JASMY
2022-09-15 17:32:26.000000,"ğŸš¨ğŸš¨
        
#TroiaRobot 'dan #INJ sinyali geldi 1,60$'dan. Yine desteÄŸi yakÄ±n olduÄŸu iÃ§in paylaÅŸÄ±yorum. (Stop: 9/11) Veya 1,43$ altÄ± gÃ¼n kapanÄ±ÅŸÄ±.                        
                                
Hedefler: 1,69$ - 1,78$ - 1,9$ - 2,2$                               
                                     
UnutmayÄ±n Robot haber takibi yapamaz duygularÄ± yoktur, o sebeple kazanÃ§ garantisi yoktur. Stop riski her zaman her yerde vardÄ±r.",INJ
2022-09-13 18:24:54.000000,"ğŸš¨ğŸš¨
      
#TroiaRobot 'dan #BAND sinyali geldi 1,28$'dan. Yine desteÄŸi yakÄ±n olduÄŸu iÃ§in paylaÅŸÄ±yorum. (Stop: 9/11) Veya 1,16$ altÄ± gÃ¼n kapanÄ±ÅŸÄ±.                      
                              
Hedefler: 1,38$ - 1,49$ - 1,82$ - 2,17$                             
                                   
UnutmayÄ±n Robot haber takibi yapamaz duygularÄ± yoktur, o sebeple kazanÃ§ garantisi yoktur. Stop riski her zaman her yerde vardÄ±r.",BAND
2022-09-12 15:38:07.000000,"ğŸš¨ğŸš¨

#TroiaRobot'dan #AUDIO sinyali geldi 0,283$'dan.",AUDIO
2022-09-07 17:37:18.000000,"ğŸš¨ğŸš¨
     
#TroiaRobot 'dan #BAND sinyali geldi 1,24$'dan. Yine desteÄŸi yakÄ±n olduÄŸu iÃ§in paylaÅŸÄ±yorum. (Stop: 9/11) Veya 1,18$ altÄ± gÃ¼n kapanÄ±ÅŸÄ±.                     
                             
Hedefler: 1,34$ - 1,49$ - 1,82$ - 2,17$                            
                                  
UnutmayÄ±n Robot haber takibi yapamaz duygularÄ± yoktur, o sebeple kazanÃ§ garantisi yoktur. Stop riski her zaman her yerde vardÄ±r.",BAND
2022-09-04 20:48:53.000000,"ğŸš¨ğŸš¨
       
#TroiaRobot 'dan #INJ sinyali geldi 1,60$'dan. Yine desteÄŸi yakÄ±n olduÄŸu iÃ§in paylaÅŸÄ±yorum. (Stop: 9/11) Veya 1,45$ altÄ± gÃ¼n kapanÄ±ÅŸÄ±.                       
                               
Hedefler: 1,69$ - 1,78$ - 1,9$ - 2,2$                              
                                    
UnutmayÄ±n Robot haber takibi yapamaz duygularÄ± yoktur, o sebeple kazanÃ§ garantisi yoktur. Stop riski her zaman her yerde vardÄ±r.",INJ
2022-09-02 17:41:40.000000,"ğŸš¨ğŸš¨
      
#TroiaRobot 'dan #WOO sinyali geldi 0,151$'dan. Yine desteÄŸi yakÄ±n olduÄŸu iÃ§in paylaÅŸÄ±yorum. (Stop: 9/11) Veya 0,137$ altÄ± gÃ¼n kapanÄ±ÅŸÄ±.                      
                              
Hedefler: 0,157$ - 0,167$ - 0,182$ - 0,225$                             
                                   
UnutmayÄ±n Robot haber takibi yapamaz duygularÄ± yoktur, o sebeple kazanÃ§ garantisi yoktur. Stop riski her zaman her yerde vardÄ±r.",WOO
2022-08-29 16:05:18.000000,"ğŸš¨ğŸš¨
     
#TroiaRobot 'dan #OCEAN sinyali geldi 0,160$'dan. Yine desteÄŸi yakÄ±n olduÄŸu iÃ§in paylaÅŸÄ±yorum. (Stop: 9/11) Veya 0,147$ altÄ± gÃ¼n kapanÄ±ÅŸÄ±.                     
                             
Hedefler: 0,171$ - 0,180$ - 0,211$ - 0,272$                            
                                  
UnutmayÄ±n Robot haber takibi yapamaz duygularÄ± yoktur, o sebeple kazanÃ§ garantisi yoktur. Stop riski her zaman her yerde vardÄ±r.",OCEAN
2022-08-26 20:58:38.000000,"ğŸš¨ğŸš¨
    
#TroiaRobot 'dan #BAND sinyali geldi 1,25$'dan. Yine desteÄŸi yakÄ±n olduÄŸu iÃ§in paylaÅŸÄ±yorum. (Stop: 9/11) Veya 1,18$ altÄ± gÃ¼n kapanÄ±ÅŸÄ±.                    
                            
Hedefler: 1,37$ - 1,49$ - 1,82$ - 2,17$                           
                                 
UnutmayÄ±n Robot haber takibi yapamaz duygularÄ± yoktur, o sebeple kazanÃ§ garantisi yoktur. Stop riski her zaman her yerde vardÄ±r.",BAND
2022-08-26 15:01:53.000000,"ğŸš¨ğŸš¨

0,108$'dan aldÄ±ÄŸÄ±m #ARDR iÅŸlemini 0,109$'dan kapattÄ±m. Nakitimi arttÄ±rdÄ±m.",ORDI
2022-08-21 19:14:35.000000,"ğŸš¨ğŸš¨
   
#TroiaRobot 'dan #BAND sinyali geldi 1,34$'dan. Yine desteÄŸi yakÄ±n olduÄŸu iÃ§in paylaÅŸÄ±yorum. (Stop: 9/11) Veya 1,22$ altÄ± gÃ¼n kapanÄ±ÅŸÄ±.                   
                           
Hedefler: 1,42$ - 1,55$ - 1,8$ - 2,17$                          
                                
UnutmayÄ±n Robot haber takibi yapamaz duygularÄ± yoktur, o sebeple kazanÃ§ garantisi yoktur. Stop riski her zaman her yerde vardÄ±r.",BAND
2022-08-12 19:11:41.000000,"ğŸš¨ğŸš¨
  
#TroiaRobot 'dan #DASH sinyali geldi 55,4$'dan. Yine desteÄŸi yakÄ±n olduÄŸu iÃ§in paylaÅŸÄ±yorum. (Stop: 9/11) Veya 51$ altÄ± gÃ¼n kapanÄ±ÅŸÄ±.                  
                          
Hedefler: 58$ - 66$ - 82$                          
                               
UnutmayÄ±n Robot haber takibi yapamaz duygularÄ± yoktur, o sebeple kazanÃ§ garantisi yoktur. Stop riski her zaman her yerde vardÄ±r.",DASH
2022-08-08 18:01:27.000000,"ğŸš¨ğŸš¨
 
#TroiaRobot 'dan #OMG sinyali geldi 2,38$'dan. Yine desteÄŸi yakÄ±n olduÄŸu iÃ§in paylaÅŸÄ±yorum. (Stop: 9/11) Veya 2,14$ altÄ± gÃ¼n kapanÄ±ÅŸÄ±.                 
                         
Hedefler: 2,55$ - 2,85$ - 3,45$                         
                              
UnutmayÄ±n Robot haber takibi yapamaz duygularÄ± yoktur, o sebeple kazanÃ§ garantisi yoktur. Stop riski her zaman her yerde vardÄ±r.",OMG
2022-08-07 18:21:04.000000,"ğŸš¨ğŸš¨

#TroiaRobot 'dan #REN sinyali geldi 0,155$'dan. Yine desteÄŸi yakÄ±n olduÄŸu iÃ§in paylaÅŸÄ±yorum. (Stop: 9/11)                
                        
Hedefler: 0,164$ - 0,178$ - 0,190$                        
                             
UnutmayÄ±n Robot haber takibi yapamaz duygularÄ± yoktur, o sebeple kazanÃ§ garantisi yoktur. Stop riski her zaman her yerde vardÄ±r.",REN
2022-07-22 18:57:48.000000,"ğŸš¨ğŸš¨

#TroiaRobot'dan #ZRX sinyali geldi 0,3169$'dan. Ben de aldÄ±m.

0,29$ altÄ± gÃ¼n kapanÄ±ÅŸÄ± stop. (Veya %9/11)",ZRX
2022-07-06 19:56:22.000000,"ğŸš¨ğŸš¨

0,1495$ seviyesinden #CTSI ekledim.",CTSI
2022-06-21 08:16:17.000000,"ğŸš¨ğŸš¨

2,50$'dan #GTC satÄ±n aldÄ±m.",GTC
2022-05-26 19:37:50.000000,"ğŸš¨ğŸš¨

PortfÃ¶ye 0,18$'dan #CTSI ekledim.",CTSI
2021-10-19 12:13:31.000000,"ğŸš¨ğŸš¨

2,37$ seviyesinden #TOMO satÄ±n aldÄ±m.",TOMO
2021-10-15 17:31:05.000000,"ğŸš¨ğŸš¨

12,25$ fiyattan #ALICE satÄ±n aldÄ±m.",ALICE
2021-08-12 17:55:32.000000,"ğŸš¨ğŸš¨
9,7$ maliyetli #GAL 12,5-13$ bandÄ±nda iÅŸlem gÃ¶rmekte. SabrÄ±mÄ±zÄ±n ekmeÄŸini yediÄŸimiz bir gÃ¼n daha. ğŸ’°",GAL
2021-08-09 16:58:47.000000,"ğŸš¨ğŸš¨
#OXT yeniden 0,38$ seviyesinde. GÃ¼Ã§lÃ¼ durmaya devam ediyor. Ben hedeflerimde bakiyim prensip olarak. Dileyen dilediÄŸi yerde kÃ¢r almakta Ã¶zgÃ¼rdÃ¼r.",OXT
2021-08-09 15:51:37.000000,"ğŸš¨ğŸš¨
 
9,7$ maliyetli #GAL Token an itibariyle yeniden 12$ seviyesinde iÅŸlem gÃ¶rÃ¼yor. Herhangi bir satÄ±ÅŸ yapmadÄ±m, 14-15$'dan Ã¶nce bir satÄ±ÅŸ planÄ±m yok.  
 
TÃ¼m Fan Token'lara tek bir platformdan ulaÅŸmak ve yeni vereceÄŸim Fan Token'larÄ± direkt kendi borsasÄ±ndan alabilmek iÃ§in linki aÅŸaÄŸÄ±ya bÄ±rakÄ±yorum. ğŸ‘‡ 
 
https://www.chiliz.net/j/pNrff",GAL
2021-08-09 13:32:44.000000,"ğŸš¨ğŸš¨
0,36$ fiyattan #OXT satÄ±n aldÄ±m. Orta vadeli.",OXT
2021-08-08 13:03:30.000000,"ğŸš¨ğŸš¨

#JUV
KÄ±sa vadeli bakanlar maÃ§tan sonra dÃ¼ÅŸÃ¼ÅŸ gelme riskine karÅŸÄ±n satÄ±ÅŸ yapabilirler. 2-3 gÃ¼n iÃ§in tatmin edici bir kÃ¢r mevcut. Ben de bu bÃ¶lgede ufak bir kÃ¢r satÄ±ÅŸÄ± yaptÄ±m. Bilginize.",JUP
2021-08-05 08:44:39.000000,"ğŸš¨ğŸš¨ 0,052-0,053 #STPT satÄ±n aldÄ±m. KÄ±sa vadeli.",STPT
2021-08-04 17:38:41.000000,"ğŸš¨ğŸš¨
Hedef bÃ¶lgemi hatÄ±rlamak isteyenler iÃ§in. #WIN 0,50-55 bandÄ±nÄ± bekliyorum. (Maliyetimin Ã¼stÃ¼ndeyse alÄ±m yapmak riskli olabilir)",LINK
2021-08-04 09:36:20.000000,"ğŸš¨ğŸš¨ 0,46 seviyesinden #FLM satÄ±n aldÄ±m.",FLM
2021-07-30 11:38:10.000000,"ğŸš¨ğŸš¨

14,5$â€™da %50 kÃ¢rla sattÄ±ÄŸÄ±mÄ±z, sonra 9,7$â€™dan geri satÄ±n aldÄ±ÄŸÄ±mÄ±z #GAL an itibariyle 11$ direncinde. 12-13$â€™dan Ã¶nce bir satÄ±ÅŸ yapma dÃ¼ÅŸÃ¼ncem yok. Genel satÄ±ÅŸ dÃ¼ÅŸÃ¼ncem tekrar 14-15$ dolaylarÄ±.",GAL
2021-07-29 15:20:00.000000,"ğŸš¨ğŸš¨ 0,1755 seviyesinden #FIO satÄ±n aldÄ±m.",FIL
2021-07-21 20:46:02.000000,"14,5$â€™dan %50 kÃ¢r ile sattÄ±ÄŸÄ±m #GAL tokenlarÄ± 9,7$ fiyattan geri satÄ±n aldÄ±m. ğŸš¨ğŸš¨ğŸš¨

https://www.chiliz.net/j/pNrff",GAL
2021-07-19 16:56:25.000000,"5,4$ fiyattan #ASR satÄ±n aldÄ±m. ğŸš¨ğŸš¨",ASR
2021-07-08 09:58:50.000000,#NEO maliyet bÃ¶lgeme dÃ¶nmÃ¼ÅŸ. ğŸš¨ğŸš¨ğŸš¨,NEO
